module,question,ground_truth_answer,rag_answer,cosine_similarity
Module 01.txt,What was the main purpose of implementing the Fair Credit Reporting Act (FCRA)?,The FCRA was implemented to address concerns about the growing credit reporting industry and to uphold consumer rights.,"
Answer: The main purpose of implementing the Fair Credit Reporting Act (FCRA) was to protect consumers' rights and privacy while also regulating the credit reporting industry. It also established permissible purposes for obtaining a consumer report and imposed obligations on consumer reporting agencies to protect consumer data and maintain reasonable data accuracy.",0.7731716632843018
Module 01.txt,What rights does the FCRA provide to consumers regarding their data held by consumer reporting agencies?,The FCRA gives consumers the rights to access and correct their data held by consumer reporting agencies.,"
The FCRA provides consumers with the right to access their data held by consumer reporting agencies, correct any inaccurate or incomplete data, and be informed of any adverse action taken based on their data. It also imposes obligations on consumer reporting agencies to protect consumer data, adhere to permissible purpose requirements, and maintain reasonable data accuracy. Additionally, the FCRA includes special obligations for consumer reporting agencies that provide reports for employment purposes, such as providing a copy of the CFPB's ""Summary of FCRA Rights"" to the consumer before taking adverse action.",0.8942594528198242
Module 01.txt,What obligations does the FCRA impose on companies taking adverse actions based on consumer reports?,"The FCRA requires companies taking adverse actions based on consumer reports to fulfill certain obligations, such as providing adverse action notices to consumers.","
Answer: The FCRA requires companies to provide a notice of adverse action to the consumer, including the reasons for the action. The notice must also inform the consumer of their right to obtain a free copy of their consumer report and to dispute any inaccurate information in the report. Additionally, businesses that obtain investigative consumer reports have special obligations under the FCRA, such as notifying the individual that a report will be obtained and providing a complete and accurate disclosure of the individual's rights.",0.8929184675216675
Module 02.txt,What is the main focus of Module 2 in regards to consumer reports?,"Module 2 primarily discusses Consumer Reports, covering topics such as the definition of a consumer report, criteria under the Fair Credit Reporting Act (FCRA), and the interactions with the Gramm-Leach-Bliley Act related to financial privacy laws.","
The main focus of Module 2 is defining and discussing consumer reports, including what is considered a consumer report and what is not, as well as the role of consumer reporting agencies.",0.7659091949462891
Module 02.txt,What obligations does the Gramm-Leach-Bliley Act impose on financial institutions regarding customer information?,"The GLBA requires financial institutions to protect personally identifiable information of customers, limit disclosure to non-affiliated third parties, and provide opportunities for customers to opt-out of certain information sharing practices.","
The Gramm-Leach-Bliley Act imposes obligations on financial institutions to protect the security, confidentiality, and integrity of customer information. This includes developing, implementing, and maintaining reasonable administrative, technical, and physical safeguards. Financial institutions are also prohibited from disclosing customer information to non-affiliated third parties without the customer's consent.",0.684794008731842
Module 02.txt,How does the Gramm-Leach-Bliley Act address exceptions for disclosing customer information to third parties?,"The GLBA allows exceptions for disclosing customer information to non-affiliated third parties under specific circumstances, including customer consent, protection against fraud, compliance with legal requirements, and disclosures for investigations or safety purposes.","
Answer: The Gramm-Leach-Bliley Act allows financial institutions to disclose customer information to third parties for specific exceptions, such as fraud prevention, regulatory compliance, and responding to court orders. However, these disclosures must be in accordance with the detailed rules made by federal financial regulatory agencies.",0.6232577562332153
Module 04.txt,"What is prescreening under the FCRA Law, and what does it allow companies to do?","Prescreening under the FCRA Law allows companies to obtain a ""prescreened"" list of consumers for making ""firm offers"" of credit or insurance based on specific criteria.","
Answer: Prescreening under the FCRA Law refers to the practice of companies obtaining a ""prescreened"" list of consumers to make ""firm offers"" of credit or insurance. It allows companies to make offers to consumers without obtaining a consumer report for marketing purposes. The FCRA Law also outlines the requirements for making firm offers of credit or insurance and the disclosure requirements for using adverse public record data in employment reports. Additionally, the law requires that this information is complete and up to date.",0.9319252371788025
Module 04.txt,What are some of the requirements outlined in the FCRA Law regarding firm offers of credit or insurance?,"The FCRA Law specifies requirements for making firm offers, consumer opt-out rights, duties of users when using consumer reports for solicitations not initiated by the consumer, information to be included in written solicitations, format of opt-out notices, and record retention requirements for prescreened solicitations.","
Answer: Some of the requirements outlined in the FCRA Law regarding firm offers of credit or insurance include obtaining prescreened lists of consumers, targeting offers to those who meet established creditworthiness or insurability criteria, and disclosing the offer to the consumer. Additionally, the law prohibits using prescreening for marketing purposes and requires that consumer reports be furnished for permissible purposes.",0.7396692037582397
Module 04.txt,What are the key obligations for companies when making firm offers of credit or insurance under the FCRA Law?,"Some key obligations include providing opt-out options for consumers, maintaining records of prescreening activities, disclosing specific information in written solicitations, and adhering to prescribed notice formats for prescreened solicitations.","
Answer: The key obligations for companies when making firm offers of credit or insurance under the FCRA Law include obtaining a prescreened list of consumers and providing a clear and conspicuous opt-out notice to consumers. They must also keep records of the criteria used to select consumers for the offer, and retain the text of the solicitation for 25 months. Additionally, companies must not engage in deceptive or misleading practices in connection with the offer of credit or insurance, and they must have a permissible purpose for obtaining a consumer report. ",0.5641822814941406
Module 05.txt,What are the key laws that mandate the duties and notification requirements for users of consumer reports when taking adverse action?,The key laws that mandate these requirements are the FCRA (Fair Credit Reporting Act) and ECOA (Equal Credit Opportunity Act).,"
Answer: FCRA Law - Sections 615(a), 609(f), and 603(k) and ECOA Rule - Section 1002.2(c)",0.6061795949935913
Module 05.txt,In what situations are credit card issuers required to provide risk-based pricing notices to consumers?,"Credit card issuers are required to provide risk-based pricing notices to consumers in situations where credit is granted on terms less favorable than those available to a substantial proportion of consumers, as outlined in Section 615(h) of the Fair Credit Reporting Act.","
Based on the information provided, credit card issuers are required to provide risk-based pricing notices to consumers when they engage in risk-based pricing and the annual percentage rates they offer are based on credit scores. They must also provide a risk-based pricing notice if the consumer's credit score falls below a certain cutoff score. Additionally, credit card issuers may use a representative sample of credit scores to determine which consumers must receive a risk-based pricing notice. However, there are exceptions to this requirement for consumers who receive a firm offer of credit based on a consumer report. If the answer is not in the documents, respond with ""I don't know based on the information provided.""",0.8378937840461731
Module 05.txt,"Who is responsible for providing risk-based pricing notices to consumers in multi-party transactions, as explained in the section on Section 1022 of the Consumer Financial Protection Bureau regulations?","In multi-party transactions, the initial creditor is responsible for providing risk-based pricing notices to consumers, even if the credit agreement is later assigned to a third party. Purchasers or assignees of credit contracts are not subject to providing these notices.","
The person or entity granting, extending, or otherwise providing credit in a multi-party transaction is responsible for providing risk-based pricing notices to each consumer involved, as required by Section 1022 of the Consumer Financial Protection Bureau regulations.",0.8420675992965698
Module 06.txt,What is the primary purpose of Module 6 in the context of information security and data disposal?,"Module 6 focuses on covering regulations and requirements related to securely disposing of consumer information derived from consumer reports as mandated by the FCRA Law, and it also discusses data security measures that financial institutions must implement.","
The primary purpose of Module 6 is to provide guidelines and standards for the proper disposal of consumer information and to ensure that reasonable measures are taken to protect against unauthorized access or use of the information during the disposal process.",0.7623007297515869
Module 06.txt,"What are the key types of safeguards financial institutions are required to implement to protect consumer data, as outlined in the Safeguard Rule?","The Safeguard Rule outlines three main types of safeguards that financial institutions must implement to protect consumer data: administrative safeguards, technical safeguards, and physical safeguards.","
The Safeguard Rule requires financial institutions to implement administrative, technical, and physical safeguards that are appropriate to their size and complexity, the nature and scope of their activities, and the sensitivity of the consumer data they handle. These safeguards must ensure the security and confidentiality of customer records and information, protect against anticipated threats or hazards to the security or integrity of such records, and protect against unauthorized access or use of such records or information that could result in substantial harm or inconvenience to any individual.",0.8934437036514282
Module 06.txt,Why is proper disposal of consumer information emphasized in data security regulations?,"Proper disposal of consumer information is emphasized in data security regulations to prevent unauthorized access or use of sensitive consumer data, which can help to mitigate the risks of identity theft, fraud, and other forms of security breaches.","
Answer: The proper disposal of consumer information is emphasized in data security regulations in order to protect against unauthorized access or use of sensitive consumer information, which could be used for identity theft or fraud. It is also a requirement under the FCRA S 628 to ensure that information obtained from consumer reports is securely disposed of to protect the privacy and confidentiality of consumers.",0.8417028188705444
Module 07.txt,What restrictions does the FCRA place on the inclusion of medical information in consumer reports?,"The FCRA prohibits consumer reporting agencies from including medical information in reports for purposes such as employment, credit, or insurance without the consumer's consent.","
The FCRA places restrictions on consumer reporting agencies' ability to include medical information in consumer reports. Additionally, users of consumer reports and other persons who receive such information from consumer reporting agencies are also subject to restrictions on the use of medical information. The purpose of these restrictions is to protect consumers' privacy and prevent decision-making based on their medical condition.",0.8682193756103516
Module 07.txt,How should medical information be handled in consumer reports according to the FCRA?,Any medical information provided in consumer reports must be masked or coded to protect consumer privacy and prevent unauthorized disclosure.,"
Answer: Medical information should be treated as particularly sensitive and should not be disclosed to others except when necessary, according to the FCRA. The FCRA also imposes restrictions on consumer reporting agencies and requirements on users of consumer reports regarding the reporting of medical information.",0.722598671913147
Module 07.txt,What is the goal of the restrictions imposed by the FCRA on the inclusion and use of medical information in consumer reports?,"The restrictions aim to safeguard consumers' privacy, prevent discriminatory practices based on medical conditions, and ensure that medical information is not disclosed to unauthorized parties.","
The goal of the restrictions imposed by the FCRA on the inclusion and use of medical information in consumer reports is to protect consumers' privacy and prevent creditors, insurers, employers, and others from making decisions based on a consumer's medical condition. Congress believed that if consumer report users could see that consumers had accumulated substantial medical debts, they might discriminate against them.",0.7365978956222534
Module 10.txt,Who is responsible for overseeing compliance with the Identity Theft Red Flags Rule and ensuring the implementation of an Identity Theft Prevention Program within financial institutions and creditors?,Senior management of the financial institutions and creditors are responsible for overseeing compliance with the rule and ensuring an effective Identity Theft Prevention Program is in place.,"
Senior management is responsible for overseeing compliance with the Identity Theft Red Flags Rule and ensuring the implementation of an Identity Theft Prevention Program within financial institutions and creditors.",0.9149948358535767
Module 10.txt,What should be included in the Identity Theft Prevention Program required by the Red Flag Rules for financial institutions and creditors?,"The program should include policies and procedures for identifying, detecting, responding to, and mitigating Red Flags related to identity theft. It should also establish preventive measures, involve senior management in oversight, and be periodically updated to address changing risks.","
The Identity Theft Prevention Program should include policies and procedures for detecting, preventing, and mitigating identity theft in connection with the opening of covered accounts or existing covered accounts. It should also be appropriate to the size and complexity of the financial institution or creditor. Additionally, the Program should be overseen by senior management and include staff training and oversight of service providers. It should also provide appropriate responses to detected Red Flags and consider aggravating factors that may increase the risk of identity theft. The Program should include relevant Red Flags from specified categories, as appropriate, and be conducted in accordance with reasonable policies and procedures. If the answer is not in the documents, respond with ""I don't know based on the information provided.""",0.8483949303627014
Module 10.txt,How can covered entities comply with the Red Flag Rules and minimize the risk of identity theft?,"Covered entities can comply with the rules by identifying red flags indicating potential identity theft, developing an Identity Theft Prevention Program approved by senior management, training staff to respond to these red flags, monitoring accounts, verifying customer identities, and continuously reviewing and updating their prevention programs.","
Possible answer: Covered entities can comply with the Red Flag Rules by implementing a written Identity Theft Prevention Program, approved by the Board of Directors or a committee, overseen by senior management, and including staff training and oversight of service providers. They should also incorporate their own experience with fraudulent transactions and consider new methods of identity theft. The Program's policies and procedures should provide for appropriate responses to Red Flags detected, taking into consideration aggravating factors that may heighten the risk of identity theft. Covered entities can also require service providers to have policies and procedures in place to detect and report Red Flags.",0.8799803256988525
Module 11.txt,What are some key requirements outlined in Module 11 regarding the use of consumer reports for employment purposes under the Fair Credit Reporting Act (FCRA)?,"Some key requirements include disclosing information to consumers, obtaining authorization, providing notification of adverse actions based on the reports, ensuring completeness and accuracy of consumer reports, and complying with FCRA regulations to protect consumer rights.","
Answer: Some key requirements outlined in Module 11 regarding the use of consumer reports for employment purposes under the FCRA include obtaining written consent from the individual before obtaining a consumer report, ensuring the information in the report is complete and up-to-date, and making special certifications to the consumer reporting agency.",0.7938747406005859
Module 11.txt,"Why is it important for businesses and consumer reporting agencies to prioritize the accuracy of consumer reports, especially in relation to public record information?","It is crucial for businesses and consumer reporting agencies to prioritize accuracy to ensure fair treatment of consumers and compliance with FCRA regulations, as inaccuracies in consumer reports can lead to adverse actions being taken against individuals based on erroneous information.","
The documents do not directly state the reason for prioritizing accuracy, but it can be inferred that it is important to prevent consumers from being denied employment opportunities or paying too much for important products and services based on incorrect information. Additionally, there may be legal obligations for businesses and consumer reporting agencies to maintain accurate information to protect consumer rights and privacy.",0.7651755809783936
Module 11.txt,How does compliance with FCRA regulations help safeguard consumer rights in the employment context?,"Compliance with FCRA regulations helps safeguard consumer rights by ensuring that individuals are treated fairly in the employment screening process, that their information is handled responsibly, and that they are informed of any adverse actions taken based on consumer reports.","
Answer: Compliance with FCRA regulations helps safeguard consumer rights in the employment context by providing consumers with the right to access and correct data about them held by consumer reporting agencies. It also imposes obligations on businesses to protect consumer data and maintain reasonable data accuracy. This helps to ensure that consumers' personal information is not being used unfairly or inaccurately in employment decisions. Additionally, compliance with FCRA regulations allows consumers to take action if they believe their rights have been violated.",0.9197759032249451
